year,native_wage,migrant_wage,native_wage_skill_0,native_employment_skill_0,native_wage_skill_1,native_employment_skill_1,native_wage_skill_2,native_employment_skill_2,native_employment,migrant_employment,unemployment_rate,vacancy_rate,firm_count,output_per_capita,avg_productivity,firm_entry_stock,price_index,profit_rate,seed,native_wage_index_change_pct,native_wage_change_pct,native_wage_change_short_index
0,0.731045892979822,0.5215420422889214,0.5759759430616713,0.9726224783861671,0.7241131925946344,0.9750692520775623,0.8735073198535852,0.9808673469387755,0.9763636363636363,0.9733333333333334,0.024,0.7766039156626504,415,0.3189019659299945,1.0101805103103696,415,0.989536707125,-2.187755421421436,0,,,
1,0.7310765696084898,0.5218876908342046,0.5794131183614866,0.9899135446685879,0.725363740576783,0.9875346260387812,0.8733446880136119,0.9706632653061225,0.9822727272727273,0.9766666666666667,0.0184,1.0039140157434863,410,0.37693151012463477,1.0105540957814934,410,0.9791828947477884,-2.2936361896379918,0,,,
2,0.7336460587874107,0.522416929887973,0.5860183910554786,0.9870317002881844,0.7278015488239067,0.9847645429362881,0.8729058457985549,0.9642857142857143,0.9781818181818182,0.9766666666666667,0.022,1.014049445855324,405,0.4093900056535796,1.0123931630967091,405,0.9689374173418521,-2.4786721956593603,0,,,
3,0.741717086781556,0.5274428516070737,0.5947724067560225,0.9668587896253602,0.735222702651101,0.981994459833795,0.8771559301485186,0.9719387755102041,0.9736363636363636,0.9733333333333334,0.0264,0.9610956272760157,398,0.4507666924368817,1.0137856361196007,398,0.9587991413666579,-2.580685646441139,0,,,
4,0.7491423603506627,0.5324673007756217,0.605040948364194,0.9596541786743515,0.7396112697400227,0.9903047091412742,0.8815988940743689,0.9897959183673469,0.9804545454545455,0.9766666666666667,0.02,0.959942661010006,394,0.4865365162021489,1.0147381160029778,394,0.9487669451422407,-2.689593242174888,0,,,
5,0.7539934630567668,0.5364519058301206,0.6181643260419214,0.9798270893371758,0.7447685315798193,0.9916897506925207,0.8833645272496943,0.9757653061224489,0.9822727272727273,0.99,0.0168,0.9532496560516532,390,0.5276116756000664,1.0163848576718166,390,0.9388397187250985,-2.748489552342913,0,,,
6,0.7604857484535082,0.5388229519209814,0.6235990814644139,0.962536023054755,0.7514499388155502,0.9722991689750693,0.8888104622521454,0.9719387755102041,0.9690909090909091,0.9833333333333333,0.0292,0.9864923161089286,384,0.5396072405158391,1.0158880421048646,384,0.9290163637853953,-2.848941912370408,0,,,
7,0.7651947022010445,0.5420010270203278,0.6355799471499244,0.978386167146974,0.756715825619591,0.9806094182825484,0.8910467280368942,0.9528061224489796,0.97,0.98,0.0288,0.9172905547764837,379,0.5782355768373078,1.0168133601819993,379,0.919295793485441,-2.8484569491872715,0,,,
8,0.7705675896259169,0.5457239150475461,0.6441904668778404,0.9769452449567724,0.7625187652788613,0.9847645429362881,0.8934256586231648,0.9489795918367347,0.9695454545454546,0.9766666666666667,0.0296,0.9503929048321718,375,0.5975686014752637,1.0168728348205707,375,0.9096769323594476,-2.9161741250302833,0,,,
9,0.7770909746744482,0.5471874554510893,0.6532359951146517,0.9596541786743515,0.7675343227991093,0.9792243767313019,0.8981818420593725,0.9400510204081632,0.9590909090909091,0.9666666666666667,0.04,0.9410601374423431,371,0.6127099157949766,1.018297439061307,371,0.9001587161945394,-2.9533337534371102,0,,,
10,0.7866175554149303,0.5674710506236407,0.6654575332862147,0.9293948126801153,0.7785702772732653,0.9362880886426593,0.9025512229555505,0.9196428571428571,0.9281818181818182,0.8776470588235294,0.08,0.6612995472653713,366,0.6560369689679082,1.020188880050267,366,0.8909537458076261,-2.728751277799556,0,1.2650789793010189,1.2259286301032004,1.2650789793010189
11,0.7934327505959925,0.567442196294048,0.6766685844290302,0.9221902017291066,0.7875437940654564,0.945983379501385,0.9023556048936577,0.9221938775510204,0.93,0.9176470588235294,0.072,0.8008473128259449,358,0.6978589368009293,1.0219717901861367,358,0.8816361602600421,-2.7480709392150167,0,2.2196086944901485,2.1029424422784544,2.2196086944901485
12,0.797956378000545,0.5690009004400992,0.6837942441784225,0.9380403458213257,0.7945851660117152,0.9529085872576177,0.9036652648509126,0.9247448979591837,0.9381818181818182,0.9294117647058824,0.06323809523809523,0.8388352798703272,353,0.7344715566498474,1.021978627649557,353,0.8724143723853538,-2.714893120114449,0,2.937621573585553,2.6850657138101552,2.937621573585553
13,0.8013894976214142,0.5686113276832613,0.6895620781126938,0.9322766570605188,0.797570171933463,0.9529085872576177,0.9049530839411001,0.923469387755102,0.9359090909090909,0.9270588235294117,0.06552380952380953,0.860183811098084,351,0.7711386647986166,1.022577316462209,351,0.8633395435765332,-2.5860697685911145,0,3.4093723735113604,3.1268569239458137,3.4093723735113604
14,0.8058953553504972,0.574754181230102,0.6945328824986071,0.9279538904899135,0.8019328501926924,0.9182825484764543,0.9088656786693914,0.9209183673469388,0.9222727272727272,0.9364705882352942,0.07542857142857143,0.8405141789013213,345,0.7940242464468024,1.0237462714178132,345,0.8543107835819488,-2.5301871630542583,0,3.9976941252869023,3.7066935036938453,3.9976941252869023
15,0.808262382330924,0.5733197007584998,0.6980188039613491,0.9265129682997119,0.8071319122877079,0.9293628808864266,0.9084654121080352,0.9119897959183674,0.9222727272727272,0.9458823529411765,0.0739047619047619,0.8549815531114476,345,0.8236748561995313,1.0243384386497962,345,0.84537187964706,-2.460807430446123,0,4.386509711393788,4.011294516647113,4.386509711393788
16,0.8106470172610316,0.5748550751774176,0.7028509022994184,0.9193083573487032,0.8096677768304632,0.9307479224376731,0.9087147727904823,0.9030612244897959,0.9172727272727272,0.9317647058823529,0.08038095238095239,0.8534052621532104,344,0.8411392003730905,1.0238145610878802,344,0.8365272744795041,-2.419492197936087,0,4.752466695888986,4.318161409690964,4.752466695888986
17,0.8154137853121161,0.579937727284877,0.7088257451219643,0.9048991354466859,0.8149454470042156,0.9349030470914127,0.9114900961653276,0.8928571428571429,0.9104545454545454,0.9058823529411765,0.09028571428571429,0.8523050587639958,339,0.8525427684547744,1.02685149026545,339,0.8275640169443379,-2.392440750069711,0,5.389553391562156,4.9315732503163705,5.389553391562156
18,0.8175391219493604,0.5806516948625761,0.7129658273142628,0.8976945244956772,0.81729918542208,0.925207756232687,0.9124656338067576,0.8775510204081632,0.8995454545454545,0.8870588235294118,0.10247619047619047,0.846900849414035,335,0.8643540797458749,1.0275901632203388,335,0.8189055854285396,-2.3326315691686346,0,5.739238479506059,5.205072326551907,5.739238479506059
19,0.8209042144938915,0.5818260834441308,0.7184277586572099,0.8861671469740634,0.8202333397241189,0.909972299168975,0.9154851162275721,0.8558673469387755,0.8831818181818182,0.8847058823529412,0.11657142857142858,0.8394058157186807,330,0.8787855543157252,1.0266695159427108,330,0.8103379155741097,-2.2307609047279664,0,6.25743674460984,5.638109468173693,6.25743674460984
20,0.8230311758619457,0.5819980041566887,0.7254428387344365,0.8631123919308358,0.8221423084030596,0.9141274238227147,0.911417502901231,0.8520408163265306,0.8759090909090909,0.8729411764705882,0.12457142857142857,0.8150322598006752,327,0.9088964020411546,1.0287917468639798,327,0.8018595865351568,-2.0665256240347194,0,6.547349832755156,5.9118176229936985,6.547349832755156
21,0.8242471398045913,0.5802450098114618,0.7295258403440188,0.8573487031700289,0.8243642377599706,0.9155124653739612,0.9086276067169378,0.8507653061224489,0.8740909090909091,0.8564705882352941,0.12876190476190477,0.8239984963332225,326,0.9411173326439831,1.0301816202925196,326,0.7934696530681937,-1.921077496283341,0,6.748655044692552,6.0682940179428195,6.748655044692552
0,0.7282825262268543,0.5217939813411185,0.5801883684144388,0.975443383356071,0.7285473989043287,0.978386167146974,0.8666430946664775,0.9883570504527813,0.980909090909091,0.9833333333333333,0.0188,0.779816767068273,415,0.32112545677490506,1.005110372303996,415,0.989536707125,-2.1723302792735804,1,,,
1,0.7304078340516951,0.5247316076819487,0.5838230215980299,0.975443383356071,0.7324459829064397,0.9812680115273775,0.8659519513967664,0.9870633893919794,0.9813636363636363,0.9733333333333334,0.0196,1.0406355686588764,408,0.3591293038465115,1.0053998411518106,408,0.9791828947477884,-2.3666511167587965,1,,,
2,0.7338842627735882,0.5259026012384282,0.5906882786634313,0.9809004092769441,0.736439022669502,0.9452449567723343,0.8685677602250286,0.9728331177231565,0.9668181818181818,0.97,0.0328,0.9926510381269151,399,0.40574616093856064,1.0067101435141315,399,0.9689374173418521,-2.424193079780848,1,,,
3,0.7407289360484134,0.5303743141838985,0.5980452702816333,0.9536152796725784,0.742484244165214,0.9668587896253602,0.872315145160037,0.9689521345407504,0.9631818181818181,0.9566666666666667,0.0376,0.9657683343423387,389,0.4454636885282512,1.0081686555001614,389,0.9587991413666581,-2.522163785108297,1,,,
4,0.7458658733005812,0.5391361273493722,0.6042988480001945,0.9740791268758526,0.750534760341853,0.9740634005763689,0.8753932389415551,0.9780077619663649,0.9754545454545455,0.9733333333333334,0.0248,0.9382556881383982,384,0.4890799833248083,1.0087667747358342,384,0.9487669451422408,-2.614093976736735,1,,,
5,0.7512242271173735,0.5396032419897476,0.6132708218082571,0.9645293315143247,0.7556631669440144,0.9740634005763689,0.8784548250053085,0.9611901681759379,0.9663636363636363,0.98,0.032,0.9613121340713734,377,0.5212074805557618,1.0084146949242543,377,0.9388397187250985,-2.675485474933711,1,,,
6,0.7576871605647664,0.5433673084339656,0.6216489321708036,0.9590723055934516,0.7610333717007316,0.9610951008645533,0.882058600955268,0.9715394566623544,0.9640909090909091,0.97,0.0352,0.9595539567287714,369,0.5549679915569752,1.009492721076348,369,0.9290163637853953,-2.7273802933038875,1,,,
7,0.7627832265787683,0.5531816509929145,0.6309201425349173,0.9686221009549796,0.7652594628711064,0.9870317002881844,0.8856797076093599,0.9676584734799483,0.9740909090909091,0.97,0.0264,0.9477263781702787,367,0.5892800794981263,1.010734084190316,367,0.9192957934854411,-2.751982183389705,1,,,
8,0.7686630875746,0.5545099654748864,0.6398203731538239,0.9713506139154161,0.7713699372029106,0.9755043227665706,0.8886944299901224,0.9689521345407504,0.9718181818181818,0.9733333333333334,0.028,0.9513448974491718,364,0.6210116575174206,1.0118864412806392,364,0.9096769323594477,-2.738860794111793,1,,,
9,0.7734532283009491,0.5571752588631494,0.650426031224336,0.9768076398362893,0.775860304978541,0.978386167146974,0.8905983069496896,0.9547218628719275,0.9695454545454546,0.9833333333333333,0.0288,0.9659517497866503,360,0.6552441770976666,1.0126027319788429,360,0.9001587161945394,-2.6862816287583087,1,,,
10,0.7828655941879404,0.5680998550525741,0.6628515201323434,0.927694406548431,0.7839315424972974,0.9394812680115274,0.8944719004777408,0.9379042690815006,0.935,0.8729411764705882,0.07504761904761904,0.6535533799323442,354,0.705169507476089,1.014306702361562,354,0.8907400919130117,-2.3660120500662254,1,1.1285332003768431,1.2169276101759334,1.1285332003768431
11,0.7895876738580473,0.5744155720749532,0.6726054100867281,0.91268758526603,0.7908840960173024,0.9538904899135446,0.8957644955227737,0.943078913324709,0.9363636363636364,0.908235294117647,0.06819047619047619,0.8269485891726976,351,0.7618694807198342,1.0147935311113083,351,0.8817483789941137,-2.2365908195475264,1,1.9754873076159065,2.086027308017172,1.9754873076159065
12,0.7947980947195551,0.5799265438705723,0.6805584820046905,0.9113233287858117,0.7975960761579481,0.9495677233429395,0.897796976497741,0.9353169469598965,0.9318181818181818,0.9223529411764706,0.06971428571428571,0.8432463454417313,346,0.7950196793493888,1.0157074385983222,346,0.8725270829221127,-2.1977122318002436,1,2.7475089597184197,2.759684184846502,2.7475089597184197
13,0.8024767035481453,0.5791118357549756,0.694370715774349,0.9208731241473397,0.8044330690932097,0.9553314121037464,0.9012018707532897,0.9391979301423027,0.9381818181818182,0.908235294117647,0.06666666666666667,0.8249999205298105,343,0.8301458841556388,1.0167887424858533,343,0.8634004293313515,-2.132742049088286,1,3.876541288829983,3.752453824642024,3.876541288829983
14,0.8079066822742502,0.5836093156380355,0.7033463001514776,0.8894952251023193,0.8077315862260507,0.9495677233429395,0.9030163723018423,0.9288486416558862,0.9222727272727272,0.8964705882352941,0.08190476190476191,0.834553940775156,335,0.8589608082645538,1.0191302524257906,335,0.8543741928744703,-2.009817954001059,1,4.546153774143575,4.454497403674338,4.546153774143575
15,0.8121056703153195,0.5897071316664003,0.711464121432394,0.8772169167803547,0.8112182758000746,0.9394812680115274,0.9041946648931203,0.9172056921086675,0.9109090909090909,0.8988235294117647,0.09104761904761904,0.8258933903026703,328,0.8759899369602022,1.0210979762699466,328,0.8454416653685063,-1.9693267207111858,1,5.156079641491485,4.997385827618638,5.156079641491485
16,0.8159604578439561,0.5888401875662459,0.7201177650147266,0.8540245566166439,0.8135337939586328,0.9322766570605188,0.9070367555435151,0.8745148771021992,0.8859090909090909,0.9058823529411765,0.11085714285714286,0.8236656771040324,320,0.9089260214817869,1.022760579910265,320,0.8366038962216841,-1.7519757566735037,1,5.80542113974201,5.495772464016083,5.80542113974201
17,0.8194578653495723,0.590842412504097,0.7265146930158837,0.844474761255116,0.8174452667312804,0.9365994236311239,0.9074100518614453,0.8654592496765847,0.8809090909090909,0.9105882352941177,0.11428571428571428,0.8263990758646808,313,0.9436049237805422,1.027384049318039,313,0.8278578269469006,-1.5957561966708431,1,6.315274442141086,5.9479533299876435,6.315274442141086
18,0.8209121606384361,0.5961600192095062,0.728927970435681,0.8472032742155525,0.823989804898884,0.9250720461095101,0.903466553603561,0.8641655886157826,0.8777272727272727,0.8964705882352941,0.11923809523809524,0.811497401899207,310,0.9872953369960167,1.0275656691810797,310,0.8198057658210993,-1.3465035224814887,1,6.572527246017792,6.135979604318209,6.572527246017792
19,0.8237980993287696,0.5938059022508626,0.7306422457560887,0.8390177353342428,0.8285632537979761,0.9193083573487032,0.9057477691110132,0.8564036222509702,0.8704545454545455,0.8729411764705882,0.12914285714285714,0.8202572662325702,305,1.0316859603484339,1.0305317487147228,305,0.8112433436263339,-1.0728363368911407,1,6.942251965935543,6.509103483660346,6.942251965935543
20,0.8259892287534006,0.5969306503934264,0.734719997432378,0.8321964529331515,0.830981027270114,0.9322766570605188,0.9072985891650441,0.8344113842173351,0.8645454545454545,0.8729411764705882,0.1340952380952381,0.8073433498959933,302,1.0628471361585394,1.0307131842347859,302,0.8027644802667891,-0.917357539758905,1,7.313149541123015,6.792395264527864,7.313149541123015
21,0.8289060336569996,0.5945420055403066,0.7374706462054211,0.8130968622100955,0.8338658534086647,0.946685878962536,0.9085901539436195,0.8318240620957309,0.8618181818181818,0.8705882352941177,0.13676190476190475,0.8084607520305422,299,1.09352684514712,1.0315455447449158,299,0.7943744221632435,-0.7702702034186975,1,7.62639773423102,7.169509845846022,7.62639773423102
0,0.7194575448436065,0.5133813849047789,0.5842809371000179,0.9556400506970849,0.722686073369029,0.9846582984658299,0.8651356458665853,0.9855907780979827,0.9745454545454545,0.9833333333333333,0.0244,0.7849994955609362,413,0.326726242133022,1.0130306375521219,413,0.9895367071250001,-2.0926182782723415,2,,,
1,0.719909433635173,0.511599864340803,0.5878866380646592,0.9847908745247148,0.7244873456099094,0.99721059972106,0.8646740183237338,0.9884726224783862,0.99,0.9866666666666667,0.0104,1.041491380961863,411,0.36298432266065583,1.013529513616138,411,0.9791828947477884,-2.317450318507306,2,,,
2,0.7215904170050158,0.5148960102746123,0.5925926845843581,0.9797211660329531,0.7285750499770546,0.9762900976290098,0.8654842016495397,0.9495677233429395,0.9690909090909091,0.9633333333333334,0.0316,0.9892736024304666,400,0.40941109091322525,1.0152691038065995,400,0.9689374173418521,-2.380725832956413,2,,,
3,0.7247826086915955,0.5160255847300119,0.6007345321162176,0.9949302915082383,0.7313220064434764,0.9748953974895398,0.865826227358931,0.9481268011527377,0.9736363636363636,0.97,0.0268,0.9547519700290915,392,0.4727853777682829,1.015591654914629,392,0.9587991413666581,-2.4009166539877445,2,,,
4,0.733779823492954,0.5211103196584597,0.6087564989197064,0.9847908745247148,0.740322588411744,0.9776847977684798,0.8711042225809976,0.9711815561959655,0.9781818181818182,0.9733333333333334,0.0224,0.9551401689049915,389,0.5208711417856643,1.0166033717590892,389,0.9487669451422408,-2.471638808183928,2,,,
5,0.7434142873481484,0.5256422165463001,0.6198758399800818,0.9366286438529785,0.7465901715040149,0.9623430962343096,0.8744489234326387,0.9798270893371758,0.9586363636363636,0.9633333333333334,0.0408,0.9684747442622703,380,0.5517525556838696,1.0173762817397007,380,0.9389189231951425,-2.510220637964132,2,,,
6,0.7501989890564701,0.5275316346965402,0.6323815089788496,0.9378960709759189,0.752964916581509,0.9665271966527197,0.8767095936300413,0.9711815561959655,0.9577272727272728,0.94,0.0444,0.9459053867989117,371,0.5780009323492099,1.0195026184439464,371,0.9290966408139162,-2.587596670702882,2,,,
7,0.7579745002657328,0.5338648005255655,0.6454592922458748,0.9366286438529785,0.7600616468410684,0.9553695955369595,0.8788606590269312,0.9740634005763689,0.9545454545454546,0.9466666666666667,0.0464,0.9364706984202957,365,0.6126530977492919,1.0187984831011796,365,0.9193765363666926,-2.5848768851400203,2,,,
8,0.7657191989206878,0.536069743671977,0.6585123196110046,0.9277566539923955,0.7663708905421789,0.9470013947001394,0.8825349729381963,0.962536023054755,0.945,0.96,0.0532,0.9358375465195666,357,0.6369066012954191,1.021227353942045,357,0.9097586208366623,-2.630960483806467,2,,,
9,0.7704524324032962,0.5380907756661224,0.6674475708941163,0.9391634980988594,0.7732516038713412,0.9581589958158996,0.8863458460789277,0.9250720461095101,0.9409090909090909,0.9533333333333334,0.0576,0.9308030213752604,351,0.6583912451545342,1.0226409324775585,351,0.9002409317147411,-2.661187187747825,2,,,
10,0.7784841477693486,0.5594795804493514,0.6799707494411819,0.9112801013941698,0.7837572101118006,0.9358437935843794,0.8870210970696172,0.8933717579250721,0.9136363636363637,0.8211764705882353,0.10133333333333333,0.6384758387894095,347,0.7053475209847783,1.0254428198583094,347,0.8908223850011168,-2.35817049868233,2,1.1036966115061853,1.042467390361638,1.1036966115061853
11,0.7836991931389483,0.5618214910421566,0.6895275999728024,0.9201520912547528,0.7900136204076367,0.9079497907949791,0.8878448730201569,0.8890489913544669,0.9063636363636364,0.8423529411764706,0.104,0.8048762462549554,338,0.7355505556646086,1.026995035797693,338,0.8815036177957735,-2.3281876189232387,2,1.8816616601588494,1.7193482917992855,1.8816616601588494
12,0.7898180249034573,0.5684454820160185,0.6936238217716201,0.917617237008872,0.7993311504530344,0.9177126917712691,0.8899522531117171,0.9121037463976945,0.9159090909090909,0.8729411764705882,0.09104761904761904,0.8292394610807744,334,0.7745058867474401,1.0284472258840613,334,0.8722811779982143,-2.31367137517626,2,2.5671467392813305,2.513535123739363,2.5671467392813305
13,0.7958001935506799,0.5694118483355646,0.700341761860305,0.8897338403041825,0.8056658361331993,0.9302649930264993,0.8929568421746389,0.8962536023054755,0.905,0.88,0.09904761904761905,0.842516587727569,327,0.7992938490160557,1.0300659024608134,327,0.863156017904989,-2.2426972905136746,2,3.2887217663347994,3.289983921306553,3.2887217663347994
14,0.8005099007732563,0.5708112256275443,0.7044120631849401,0.8821292775665399,0.8095830654573456,0.9260808926080892,0.8977295710787402,0.9020172910662824,0.9027272727272727,0.9011764705882352,0.09752380952380953,0.8238610794495626,325,0.8259585216183903,1.030540083530164,325,0.8541250789444351,-2.215573049474663,2,3.8403535041135743,3.9012750308543973,3.8403535041135743
15,0.8026017832890407,0.573214076761244,0.7116231337377038,0.8910012674271229,0.8118587397762881,0.9205020920502092,0.8979039239035489,0.8746397694524496,0.8954545454545455,0.9011764705882352,0.10361904761904762,0.8603742450957782,321,0.8560531516573247,1.0310905593732325,321,0.8454811661024331,-2.0688653666977266,2,4.305141957133423,4.1727885504183675,4.305141957133423
16,0.8064966134551428,0.57418972560389,0.7153864354687459,0.8732572877059569,0.8136073569332183,0.9107391910739191,0.9008660893341103,0.8876080691642652,0.89,0.8917647058823529,0.10971428571428571,0.8274201994196589,317,0.8634801776418349,1.0337837356080666,317,0.8366393489994711,-2.09152835720419,2,4.6798661990452715,4.678313616249203,4.6798661990452715
17,0.8078868562289638,0.574939847437311,0.7207536026740389,0.8694550063371356,0.818685224776402,0.9135285913528591,0.8963104812962571,0.8587896253602305,0.8804545454545455,0.8847058823529412,0.11885714285714286,0.8399900222400168,312,0.8878115805858986,1.0336241660572385,312,0.8278913276331088,-1.9619249241053756,2,4.995481881407877,4.858758600955712,4.995481881407877
18,0.8119534048191274,0.577951364455195,0.7279928137596111,0.8593155893536122,0.8215979017958898,0.9177126917712691,0.8991589250392006,0.8357348703170029,0.8709090909090909,0.8847058823529412,0.12685714285714286,0.8215379587678612,307,0.9290552656639638,1.036386754920904,307,0.8191494609941575,-1.721725443126212,2,5.589701751288818,5.386571664960016,5.589701751288818
19,0.8135697208467015,0.5804695590655282,0.7330195872743228,0.8428390367553865,0.8220949954386164,0.9149232914923291,0.8986286901611263,0.8126801152737753,0.8568181818181818,0.8494117647058823,0.1443809523809524,0.8124536669144002,301,0.9504984767795911,1.0387855403961361,301,0.8106999736215079,-1.5258717673756925,2,5.84223422194077,5.596359571337616,5.84223422194077
20,0.8142363146346783,0.5836629305807188,0.7359226856329517,0.8326996197718631,0.8213934879977743,0.895397489539749,0.8974639326720261,0.8112391930835735,0.8463636363636363,0.8423529411764706,0.15428571428571428,0.8194198695022017,298,0.9820822115859302,1.039349237655238,298,0.802427092836485,-1.290946411373622,2,5.913175000079537,5.6828793563290665,5.913175000079537
21,0.8156389869496237,0.5818880843389785,0.7397217894650825,0.826362484157161,0.8257129062347602,0.9302649930264993,0.8934184571255049,0.792507204610951,0.8495454545454545,0.8305882352941176,0.15352380952380953,0.8183807145228928,297,1.0312634692897185,1.0419675706218499,297,0.794147922957133,-1.0057526799108252,2,6.136968850447552,5.864937619234409,6.136968850447552
0,0.7235378727778473,0.5142953513553147,0.5806619901533481,0.9771812080536912,0.7247413774022674,0.988031914893617,0.8783718646917982,0.9473684210526315,0.9713636363636363,0.96,0.03,0.7784283980582523,412,0.32624886549496207,1.0019277801516586,412,0.9895367071250001,-2.082582688412496,3,,,
1,0.7239046981469304,0.5143504865179143,0.5847845073767923,0.9892617449664429,0.7247878486623125,0.9800531914893617,0.8717721853279972,0.9800853485064012,0.9831818181818182,0.98,0.0172,1.0013185557638487,406,0.4018391040337544,1.0033816854785307,406,0.9791828947477885,-2.1579785303221626,3,,,
2,0.7286207089639141,0.515751353815715,0.5908672682407314,0.974496644295302,0.7284975284883275,0.988031914893617,0.8736939278891186,0.9815078236130867,0.9813636363636363,0.98,0.0188,1.0469513513286983,400,0.4455891921171247,1.0048656470578181,400,0.968963031035367,-2.3041955748295853,3,,,
3,0.7322575767786277,0.5205631838688336,0.598442328876513,0.9812080536912752,0.7324382270431846,0.9694148936170213,0.8748667040393341,0.9743954480796586,0.975,0.9666666666666667,0.026,0.9962081353078026,391,0.4887503573116943,1.0056823340359,391,0.9588250704612237,-2.3682910725721302,3,,,
4,0.7390568233093269,0.5250866486251996,0.605435000436804,0.9771812080536912,0.7413669390474636,0.9707446808510638,0.8784012876859401,0.9758179231863442,0.9745454545454545,0.9733333333333334,0.0256,0.9609207119867932,385,0.5322960788423783,1.0068766899508887,385,0.9487930027947717,-2.4357088603441945,3,,,
5,0.7442992257401293,0.5288196346748233,0.6144031234196675,0.9758389261744966,0.7495666566449319,0.9800531914893617,0.8806732766590092,0.9445234708392604,0.9672727272727273,0.9866666666666667,0.0304,0.9731667435189088,377,0.5658153979234521,1.0073130805743675,377,0.9388660508906612,-2.4902501753958477,3,,,
6,0.7517226127092442,0.5307816939213648,0.620476771846319,0.9651006711409396,0.7574671950436304,0.9627659574468085,0.8855604197869112,0.9587482219061166,0.9622727272727273,0.9733333333333334,0.0364,0.9703136095867794,370,0.5845037408114704,1.009637137712786,370,0.9290429133933404,-2.579171478598739,3,,,
7,0.7593459783449437,0.5390189334978114,0.6298285539237305,0.9557046979865772,0.7656916485854417,0.9481382978723404,0.8879265403778301,0.9701280227596017,0.9577272727272728,0.96,0.042,0.9432624539588456,363,0.6255363108969142,1.0105202425951967,363,0.9193225719160193,-2.553387964418128,3,,,
8,0.7644158679282,0.5380253735300906,0.638568209328197,0.9557046979865772,0.7715596757903738,0.9547872340425532,0.8906853430824024,0.9516358463726885,0.9540909090909091,0.9333333333333333,0.0484,0.9302021650026598,356,0.653358063588947,1.0115871931269222,356,0.9097039516322732,-2.5707555678975993,3,,,
9,0.7723216482427646,0.5408814909461537,0.6482409006876302,0.9610738255033557,0.7809377457693099,0.9787234042553191,0.8950900522158882,0.9559032716927454,0.9654545454545455,0.9333333333333333,0.0384,0.9119139460315201,353,0.6947813819213963,1.0106070765498738,353,0.900185679979709,-2.56514388240934,3,,,
10,0.779282199875417,0.5557797105034132,0.6564812525605729,0.9073825503355705,0.7883964580928038,0.9587765957446809,0.8977970219065778,0.9174964438122333,0.9281818181818182,0.8564705882352941,0.08342857142857144,0.6873895787986267,346,0.7296909800881076,1.0116416497697993,346,0.8907673133704728,-2.3225952735389925,3,0.8429026212080362,0.9012503596771504,0.8429026212080362
11,0.7874866554586492,0.5644228746260291,0.6714064640847162,0.887248322147651,0.7933340886217787,0.9441489361702128,0.8994887063110374,0.9217638691322901,0.9177272727272727,0.9129411764705883,0.08304761904761905,0.8404610163302779,340,0.7740866754985612,1.0137897419746673,340,0.8814474294395195,-2.2135695828819757,3,1.8841302390520633,1.9635610694571273,1.8841302390520633
12,0.7939203917932155,0.5672238313738633,0.6826933674910416,0.8912751677852349,0.7984742074510347,0.925531914893617,0.9040220871807566,0.9132290184921764,0.91,0.8941176470588236,0.09257142857142857,0.8375260694813295,332,0.7912812040418259,1.013755768463127,332,0.8722252404497899,-2.2122941333527844,3,2.852739943178131,2.7965995255466063,2.852739943178131
13,0.7991676253829796,0.5681488259359162,0.6891931415262935,0.8926174496644296,0.8056664094106493,0.9162234042553191,0.9059411394881615,0.914651493598862,0.9077272727272727,0.8941176470588236,0.09447619047619048,0.8290753566116918,327,0.8198428097355953,1.01533113827814,327,0.8630993126137176,-2.1426891626409446,3,3.565422083751619,3.4760099242714024,3.565422083751619
14,0.8025949987309481,0.57427818858641,0.6967654510320962,0.9100671140939597,0.8078001790204504,0.9242021276595744,0.9085589692420174,0.914651493598862,0.9163636363636364,0.9152941176470588,0.0838095238095238,0.7999524387396737,323,0.8617156280516578,1.0173457291913293,323,0.8540687937246209,-2.057872464352304,3,4.14336516741004,3.9197853066870936,4.14336516741004
15,0.8067732452885157,0.5755955051297008,0.7026751757480597,0.87248322147651,0.8119170068228412,0.9188829787234043,0.9083729378100327,0.8975817923186344,0.8963636363636364,0.9011764705882352,0.10285714285714286,0.8351674017704429,316,0.8827201159400255,1.0182709519492676,316,0.8451330346522644,-1.9258072672462954,3,4.616044084940538,4.460783551016282,4.616044084940538
16,0.8086933122503734,0.5778742590319059,0.7075940905453342,0.8711409395973154,0.8134475853142755,0.910904255319149,0.9081458127891257,0.8918918918918919,0.8913636363636364,0.9223529411764706,0.10361904761904762,0.8226204150288366,315,0.9144157303559171,1.0200477892725537,315,0.8364336072493465,-1.8040571754995585,3,4.925853262397369,4.709393306579448,4.925853262397369
17,0.8131410919096775,0.5819636152245471,0.7138515714255713,0.836241610738255,0.8171722777464527,0.9162234042553191,0.9084312277484841,0.8819345661450925,0.8781818181818182,0.88,0.12152380952380952,0.8357360045613237,308,0.9246191186004399,1.0198268309797351,308,0.8276856128139153,-1.7237974006853152,3,5.417233182997047,5.285290624675343,5.417233182997047
18,0.8162312027185876,0.5814612627964,0.7197062863649383,0.8416107382550335,0.8197092902884238,0.913563829787234,0.9120000270896927,0.8634423897581792,0.8731818181818182,0.8941176470588236,0.12342857142857143,0.8142802296425816,305,0.9662053948973925,1.0221742891730583,305,0.8190269844575129,-1.5249709424186193,3,5.959481680430408,5.685397343934205,5.959481680430408
19,0.819843760875803,0.5843054517405816,0.7265882039312318,0.8268456375838926,0.8212126142464604,0.913563829787234,0.9120216088565769,0.871977240398293,0.8709090909090909,0.8776470588235294,0.128,0.8384538395116052,303,1.0062170474105678,1.024214805591587,303,0.8104583975958178,-1.3153204247322272,3,6.378329406778316,6.153150405813918,6.378329406778316
20,0.8228589601715576,0.5833228419276242,0.7326809506033779,0.8228187919463087,0.8261435708150918,0.9122340425531915,0.9106501471977657,0.8591749644381224,0.865,0.8541176470588235,0.13676190476190475,0.8247031206616544,297,1.0292422594341442,1.0256160961240068,297,0.8019817860676455,-1.168146293992743,3,6.851023925301303,6.543557602428816,6.851023925301303
21,0.823525918593363,0.5816616199230912,0.7369372360343588,0.8013422818791947,0.8260517343070978,0.9042553191489362,0.9085189267606857,0.8364153627311522,0.8477272727272728,0.8541176470588235,0.15123809523809523,0.8283459471319455,291,1.066433952886739,1.0276482888347873,291,0.7935939725517361,-0.8539566674938032,3,6.986600282837416,6.629915200111455,6.986600282837416
0,0.7306480540754091,0.5114742315814172,0.5873537464786822,0.9661246612466124,0.7206234095872766,0.9640883977900553,0.879375633324977,0.994579945799458,0.975,0.9833333333333333,0.024,0.7747718978102188,411,0.3280556562214449,1.0178653911024311,411,0.9895367071250001,-2.1342029552146218,4,,,
1,0.731877726062342,0.5108411860927254,0.5913902698163915,0.9796747967479674,0.7230148924231335,0.9792817679558011,0.8784214487743268,0.997289972899729,0.9854545454545455,0.98,0.0152,1.0207856154391353,406,0.3805297813030126,1.0204411830450046,406,0.9791828947477885,-2.2764516524317564,4,,,
2,0.7352101826112198,0.5157104905767584,0.5974570277693482,0.9742547425474255,0.7264400235264923,0.9848066298342542,0.880448309174967,0.9823848238482384,0.9804545454545455,0.9833333333333333,0.0192,1.0035999726285663,401,0.4314632894207877,1.0218632751897567,401,0.968937417341852,-2.3558924767874347,4,,,
3,0.7398888644952644,0.5127737620577104,0.6061815555659767,0.9823848238482384,0.7322803788097986,0.9613259668508287,0.8832735840055278,0.9661246612466124,0.97,0.9766666666666667,0.0292,1.0022708917243144,393,0.4672409281641611,1.0215615049943838,393,0.958799141366658,-2.4398130030101695,4,,,
4,0.7474768556777427,0.520605928394646,0.6159331733259094,0.9905149051490515,0.7434197022117467,0.9806629834254144,0.8844602730498689,0.9796747967479674,0.9836363636363636,0.9733333333333334,0.0176,0.9195708692478586,390,0.5203935784485814,1.0230932347662098,390,0.9487669451422407,-2.5251620422531214,4,,,
5,0.7552267790067164,0.5270139852600937,0.6246729144338178,0.9512195121951219,0.7526083331340283,0.9861878453038674,0.8875017200014466,0.9579945799457995,0.965,0.9766666666666667,0.0336,0.9741478849519494,382,0.5504062272349858,1.0234958900169975,382,0.9388397187250985,-2.5499720864302637,4,,,
6,0.7624412169383711,0.5275932568179369,0.6368941546549429,0.9607046070460704,0.7597085894656712,0.9723756906077348,0.8932852988084878,0.9417344173441734,0.9581818181818181,0.9466666666666667,0.0432,0.9429661518713116,372,0.5751534246114528,1.023729575019475,372,0.9290163637853952,-2.61603138697945,4,,,
7,0.7704613967930423,0.5315822885984598,0.6482486899323471,0.962059620596206,0.7659401296451753,0.9613259668508287,0.8969280969421407,0.9634146341463414,0.9622727272727273,0.96,0.038,0.9233366378351742,367,0.6104316378693898,1.0235370909003056,367,0.9192957934854411,-2.6559526090886556,4,,,
8,0.7780093836722579,0.5352832353051133,0.6589398319124139,0.9634146341463414,0.7750149731164782,0.9806629834254144,0.9000691344399835,0.9634146341463414,0.9690909090909091,0.96,0.032,0.9281049240169882,364,0.6551622295502525,1.0249791831418291,364,0.9096769323594477,-2.640889341445208,4,,,
9,0.7822704591086419,0.5410817809243588,0.6643941659128451,0.9512195121951219,0.7796434116233266,0.9751381215469613,0.9038277196662305,0.943089430894309,0.9563636363636364,0.96,0.0432,0.970892716904642,356,0.6651791877026532,1.0235924968717505,356,0.9001587161945394,-2.6845706645078136,4,,,
10,0.7907250361194064,0.5533299814368666,0.675768131242854,0.8997289972899729,0.7890929429090849,0.9488950276243094,0.9073705675554329,0.8997289972899729,0.9159090909090909,0.8752941176470588,0.09066666666666667,0.6591091663428557,350,0.7106995826688925,1.0253180514703228,350,0.8907400919130118,-2.3768769180571905,4,1.1053151556527967,1.0807741635032506,1.1053151556527967
11,0.7927470359125057,0.5545793127311273,0.6840991386833463,0.9227642276422764,0.791114424813611,0.9475138121546961,0.9079451788985473,0.8834688346883469,0.9177272727272727,0.9129411764705883,0.08304761904761905,0.8404269189750421,343,0.7570694143735591,1.0253507471298084,343,0.8814200174558218,-2.2776358222116375,4,1.6309097006801085,1.3392525157860824,1.6309097006801085
12,0.7958392924400524,0.5563209967002718,0.6945810335168461,0.9417344173441734,0.7940579852319521,0.9585635359116023,0.9070360582072101,0.8726287262872628,0.9240909090909091,0.9388235294117647,0.07352380952380952,0.8380556327917723,338,0.8069115023698924,1.025445150236032,338,0.8721974616672944,-2.159685785483764,4,2.2491192371450066,1.734545025114647,2.2491192371450066
13,0.8005269521195267,0.5597195754170642,0.7007013711052222,0.94579945799458,0.7983489569015406,0.9654696132596685,0.9090645652374486,0.8888888888888888,0.9331818181818182,0.9411764705882353,0.06552380952380953,0.8679661045828274,338,0.8380984302858222,1.0254708584054513,338,0.8633249412844735,-2.131123718508619,4,2.8144532625608236,2.3337827471699746,2.8144532625608236
14,0.8048435118821284,0.5604254970124317,0.7104899985176152,0.9376693766937669,0.8014113560309397,0.9530386740331491,0.907050186784792,0.8970189701897019,0.9290909090909091,0.9341176470588235,0.0700952380952381,0.8443271584847106,336,0.8660504119851726,1.0260759210485344,336,0.854545590565495,-2.063408510856401,4,3.3621996547219433,2.8855816438738335,3.3621996547219433
15,0.8081133544322495,0.5580043621474666,0.7135032260320253,0.9092140921409214,0.8044163122780479,0.930939226519337,0.9102421509778883,0.8753387533875339,0.905,0.9129411764705883,0.09371428571428571,0.8558463877997132,328,0.884218710574707,1.0289994118270882,328,0.8457555441874772,-1.9090851782645424,4,3.759572251683279,3.303575511857409,3.759572251683279
16,0.8133625770919983,0.5607570410876219,0.7198971612687715,0.8821138211382114,0.8084521438423089,0.9060773480662984,0.912384570774714,0.8766937669376694,0.8881818181818182,0.9058823529411765,0.10895238095238095,0.8393225372747768,323,0.9053412246303283,1.0284697539526024,323,0.8378331380904386,-1.7588407314689065,4,4.331925663970461,3.9745995290151113,4.331925663970461
17,0.8164007352168174,0.5624141661848702,0.7269599100058671,0.8658536585365854,0.8089519100385525,0.9102209944751382,0.9132204904465738,0.8685636856368564,0.8813636363636363,0.88,0.11885714285714286,0.8103266670701382,315,0.9264586153163629,1.028413559552164,315,0.8291061245435343,-1.6427109937869817,4,4.738467145914103,4.36297647581698,4.738467145914103
18,0.8178892423645908,0.562587510846929,0.7339827526424144,0.8672086720867209,0.8092936978055687,0.9185082872928176,0.91101806768425,0.8644986449864499,0.8831818181818182,0.8635294117647059,0.12,0.824381131013833,313,0.9561197334029421,1.0301800513758603,313,0.8204686860350698,-1.5279114445058344,4,5.024197564841768,4.553256848856947,5.024197564841768
19,0.8205596084293701,0.5646557133921482,0.7402550997332232,0.8685636856368564,0.8145394233533262,0.9157458563535912,0.9100218225900926,0.8401084010840109,0.8745454545454545,0.8705882352941177,0.1260952380952381,0.8211097111759076,310,0.996990393435644,1.0313410050656158,310,0.8118993480157768,-1.2866136422591465,4,5.526424754079584,4.894617823656133,5.526424754079584
20,0.821445108410176,0.565671397532379,0.7416113635320335,0.8604336043360433,0.81646353346838,0.9129834254143646,0.9106802307806676,0.8197831978319783,0.8640909090909091,0.8682352941176471,0.13523809523809524,0.8223104127656189,304,1.0264163244156383,1.0336265126694446,304,0.8034357221502235,-1.0919858599884495,4,5.701016645136309,5.007813965795371,5.701016645136309
21,0.8258871637540036,0.5675422928742608,0.7513931743565923,0.8360433604336044,0.8196773955573768,0.8964088397790055,0.90920871545036,0.8130081300813008,0.8481818181818181,0.88,0.14666666666666667,0.8141370186754244,298,1.0739361074837968,1.0352487206945744,298,0.7950615797061205,-0.756334188606202,4,6.274917670934041,5.575655342406867,6.274917670934041
0,0.7251567064827045,0.5079685303610902,0.5755962193201661,0.9944444444444445,0.7323844150299351,0.9659239842726082,0.868883383896643,0.9874476987447699,0.9822727272727273,0.9833333333333333,0.0176,0.7696447841726617,417,0.3291491681240517,1.010111205332984,417,0.9895367071250001,-2.1130084849722506,5,,,
1,0.725831441495403,0.5061131498064337,0.5787010625462288,0.9958333333333333,0.7333502315369799,0.9790301441677588,0.8681048681983942,0.9790794979079498,0.9845454545454545,0.9833333333333333,0.0156,1.0343212103128265,413,0.3805073672757779,1.0112355242275728,413,0.9791828947477885,-2.22289342665362,5,,,
2,0.7302034492970053,0.5095033120573499,0.5826008434101462,0.9680555555555556,0.7383480086387312,0.9724770642201835,0.8687381463951176,0.9748953974895398,0.9718181818181818,0.99,0.026,1.0334213244465411,405,0.41720544811554044,1.0121753906869801,405,0.9689374173418521,-2.3603226103630752,5,,,
3,0.736334864857399,0.5130870518167155,0.5910104481840956,0.9763888888888889,0.7459544793128533,0.9711664482306684,0.8705649928373995,0.9874476987447699,0.9781818181818182,0.9866666666666667,0.0208,0.9692178540490907,399,0.4525396000868592,1.0135672434853769,399,0.958799141366658,-2.511346424003455,5,,,
4,0.7420376820384328,0.5156743897748923,0.6002514429024072,0.9763888888888889,0.7527576195512872,0.9829619921363041,0.8727591841468283,0.9776847977684798,0.9790909090909091,0.97,0.022,0.9592759583436441,394,0.48594217114942023,1.01510453743019,394,0.9487669451422407,-2.6104687410621525,5,,,
5,0.7483587079303635,0.5189161722665494,0.6110011847262831,0.9944444444444445,0.7594404889782876,0.9777195281782438,0.8764966566535075,0.9804741980474198,0.9840909090909091,0.9766666666666667,0.0168,0.952498120506621,392,0.5227240246611465,1.0158935058725103,392,0.9388397187250986,-2.650232272771198,5,,,
6,0.754778536108663,0.5247674250565614,0.6187891400616432,0.975,0.7674662740273022,0.9750982961992136,0.8787336931886922,0.9679218967921897,0.9727272727272728,0.9633333333333334,0.0284,0.9517987740505682,383,0.5437411299662217,1.0163930524057032,383,0.9290163637853952,-2.748256148051285,5,,,
7,0.7619233348001945,0.5282925415603614,0.628469766346483,0.9652777777777778,0.7750130997359107,0.9803407601572739,0.8832085481092787,0.9539748953974896,0.9668181818181818,0.9733333333333334,0.0324,0.9209203264469306,378,0.5710701135185281,1.015705081759098,378,0.9192957934854411,-2.791027483839101,5,,,
8,0.7672910830420298,0.5343944034142879,0.6344660922366985,0.9625,0.7809462543533079,0.9737876802096985,0.8851355813784538,0.9693165969316597,0.9686363636363636,0.98,0.03,0.9461371211839598,375,0.5880118500416753,1.0162715726730558,375,0.9097025826557835,-2.8978713699015484,5,,,
9,0.7743474842021479,0.5369066192468798,0.6485902157010741,0.9583333333333334,0.7866258869515182,0.9659239842726082,0.8878122030918638,0.9553695955369595,0.96,0.97,0.0388,0.9120011061388751,368,0.6165105113023066,1.0177112843079799,368,0.9001845809123789,-2.8968809826847535,5,,,
10,0.782686190023937,0.5484193283727917,0.6580426391611127,0.9097222222222222,0.7974464384081177,0.9423328964613368,0.8896574358476175,0.9260808926080892,0.9263636363636364,0.8847058823529412,0.08038095238095239,0.6587720801078449,362,0.6642259907264233,1.018226773676231,362,0.8907661102121319,-2.6410266409759817,5,1.0135951588017336,1.0768687174571119,1.0135951588017336
11,0.7878533693061127,0.5526323668895124,0.6674348080858437,0.9111111111111111,0.8018692919734578,0.9318479685452162,0.892920728733836,0.9163179916317992,0.92,0.9317647058823529,0.07809523809523809,0.845238176291176,353,0.6944948947501334,1.0199639809105612,353,0.8814464199330376,-2.64597389096286,5,1.8062324228223245,1.7441633607011224,1.8062324228223245
12,0.7925128603572076,0.5544344616958373,0.6786334516997286,0.9305555555555556,0.8056844297199772,0.9370904325032765,0.8947781993574068,0.9121338912133892,0.9268181818181818,0.9223529411764706,0.0739047619047619,0.8102518320632749,349,0.7311545244935638,1.0206581296016128,349,0.8722238873285796,-2.596640962332907,5,2.6131765036876495,2.345894643640046,2.6131765036876495
13,0.7997975440495211,0.5563582427184927,0.6855743549237263,0.9041666666666667,0.8096471687704918,0.9252948885976409,0.9016184822185345,0.9232914923291492,0.9177272727272727,0.9223529411764706,0.08152380952380953,0.8380036742878516,341,0.74957383131272,1.0218122435392583,341,0.8630981668129626,-2.618184884762825,5,3.394637007367246,3.2866459007864814,3.394637007367246
14,0.8038832565602179,0.5600376823211971,0.6921468167636736,0.9013888888888889,0.8149092687049816,0.927916120576671,0.9032849966976438,0.9079497907949791,0.9127272727272727,0.9341176470588235,0.0838095238095238,0.8128928118164288,334,0.7822563232368706,1.0216789975568907,334,0.8540678729384137,-2.5405304678029075,5,4.017970924984687,3.8142788555066107,4.017970924984687
15,0.8076547913883649,0.5592381107074735,0.696926956709708,0.8902777777777777,0.8180799973618719,0.927916120576671,0.9062524599151501,0.899581589958159,0.9063636363636364,0.92,0.09142857142857143,0.8476881286970999,330,0.8076929311301853,1.0225923656860536,330,0.8451318349484724,-2.475310037981844,5,4.509413834832322,4.3013385935560065,4.509413834832322
16,0.8104593276626282,0.5644401279418804,0.7039535942589461,0.8791666666666667,0.8190441209307242,0.9134993446920052,0.907054498003301,0.8870292887029289,0.8936363636363637,0.908235294117647,0.104,0.8500950700998691,324,0.833382362047826,1.023275990460486,324,0.8362894692579511,-2.342092489099984,5,4.941505177279818,4.663519181919758,4.941505177279818
17,0.8132871387498983,0.5673227662577238,0.7109430567501539,0.8597222222222223,0.8213485530403162,0.926605504587156,0.9062735369023442,0.8647140864714087,0.8845454545454545,0.8964705882352941,0.11352380952380953,0.8257297087692229,318,0.8537541358112056,1.0241432781120638,318,0.8275396371665235,-2.265912080844022,5,5.369047180815287,5.028705502655829,5.369047180815287
18,0.8169750586737442,0.568061951880526,0.718918852814848,0.8430555555555556,0.8245736471320629,0.9200524246395806,0.9071346391373222,0.8382147838214784,0.8681818181818182,0.8847058823529412,0.12914285714285714,0.8265926605816328,312,0.8831480952360696,1.0252620792491536,312,0.8188813711924234,-2.0573186759854356,5,5.947945513032543,5.5049671292620985,5.947945513032543
19,0.8192716562135939,0.5692545515210937,0.721751247513649,0.8430555555555556,0.8289956493116336,0.9121887287024901,0.9075325802617937,0.8284518828451883,0.8622727272727273,0.8823529411764706,0.13447619047619047,0.84564675614618,309,0.9074647912629232,1.0269203770966093,309,0.8103134421896854,-1.924686512506383,5,6.295835819763088,5.801552007072605,6.295835819763088
20,0.8237688766002641,0.5679569866082375,0.7283724569255705,0.8402777777777778,0.832503863775191,0.8990825688073395,0.9102615734249956,0.8340306834030683,0.8586363636363636,0.8352941176470589,0.14514285714285713,0.8422590626624445,305,0.9271343726918394,1.0269400326315827,305,0.8018352551625098,-1.7885750727233196,5,6.887245282769862,6.3823274959093705,6.887245282769862
21,0.8257657030470158,0.5683360788931898,0.7294015694288207,0.825,0.8348621434903266,0.8977719528178244,0.9132601004150089,0.8131101813110181,0.8463636363636363,0.8141176470588235,0.15885714285714286,0.8495644613479092,302,0.9454762340430891,1.027225182246466,302,0.793445691295698,-1.6354339743481772,5,7.152648410742908,6.640199638260183,7.152648410742908
0,0.724274768024526,0.5178854840122495,0.5832715555248666,0.9894459102902374,0.7215406914424166,0.9959016393442623,0.87667300169228,0.995774647887324,0.9936363636363637,0.99,0.0068,0.7855357142857142,420,0.3222840496246331,1.0109095685030924,420,0.9895367071250001,-2.1573591646176453,6,,,
1,0.7266346704385734,0.5186792179082889,0.5861503109862591,0.9630606860158312,0.7227071294150814,0.9972677595628415,0.876379964966043,0.9915492957746479,0.9836363636363636,0.9866666666666667,0.016,1.0696711399569099,417,0.35841400399113976,1.0141406884680035,417,0.9791828947477884,-2.3006581551713734,6,,,
2,0.726280688493952,0.5175432913673054,0.5931332939934665,0.9894459102902374,0.7250079743924939,0.9713114754098361,0.8764527385707043,0.9450704225352112,0.9690909090909091,0.98,0.0296,0.9954735556753956,408,0.3966914055896872,1.015881074380666,408,0.9689374173418522,-2.3789815475851492,6,,,
3,0.7327500587252402,0.5229738543812928,0.6001037935893122,0.9815303430079155,0.7301041551395683,0.9890710382513661,0.8791903141213933,0.967605633802817,0.9795454545454545,0.9866666666666667,0.0196,0.954577241868216,403,0.4491742164122865,1.0181171193374028,403,0.9587991413666581,-2.4712787902588276,6,,,
4,0.7398198384053303,0.5232581875274916,0.6089806095342546,0.9709762532981531,0.7357835334435981,0.9631147540983607,0.8828837163954215,0.976056338028169,0.97,0.9733333333333334,0.0296,1.0010462098860105,397,0.47411319568275795,1.019617866449137,397,0.9487669451422408,-2.571055442928169,6,,,
5,0.7463936486653491,0.5322200234736636,0.618446496307672,0.9591029023746702,0.7433987877229391,0.9549180327868853,0.887717552919102,0.9478873239436619,0.9540909090909091,0.9533333333333334,0.046,0.970824567752461,383,0.5005988311650461,1.0221966412671792,383,0.9388397187250984,-2.6373137020026984,6,,,
6,0.7546609890093732,0.5348447368957278,0.6304623444067582,0.9736147757255936,0.7511433723097022,0.9658469945355191,0.890709478494051,0.9746478873239437,0.9713636363636363,0.9566666666666667,0.0304,0.9267300848826162,378,0.5435412467868115,1.021661796632288,378,0.9291490794757721,-2.686290829626215,6,,,
7,0.7628913898798512,0.541461260537914,0.6414913019907829,0.9709762532981531,0.7609375766924157,0.9781420765027322,0.8923484439862106,0.9873239436619718,0.9786363636363636,0.9866666666666667,0.0204,0.9233175892761973,376,0.5788959347387277,1.0231779007703186,376,0.9194278190808037,-2.755074582767813,6,,,
8,0.7677710798978858,0.5419321022686655,0.6487969230007469,0.9854881266490765,0.7696618682455906,0.9685792349726776,0.8946306831785237,0.971830985915493,0.9754545454545455,0.97,0.0252,0.954449046448386,372,0.5944926230861254,1.0235935369819136,372,0.9098089813083918,-2.8221408843607927,6,,,
9,0.7731349948501292,0.5453348588850175,0.654259794674543,0.9670184696569921,0.777379428598053,0.9549180327868853,0.8989476443851155,0.9422535211267605,0.955,0.97,0.0432,0.9504553596046635,365,0.606529824345581,1.0255686562407123,365,0.9002918894245331,-2.8477242923244668,6,,,
10,0.7840018659940079,0.5612560478548784,0.6668894220422295,0.9010554089709762,0.7870388917548587,0.9289617486338798,0.9022456015049124,0.928169014084507,0.9190909090909091,0.8494117647058823,0.09219047619047618,0.6378317583331492,355,0.6496977877455256,1.0283723226039871,355,0.8908755838195246,-2.630313443016884,6,1.1799349641675738,1.405559341675546,1.1799349641675738
11,0.7884813341775033,0.5660902841464417,0.6747734848357223,0.9076517150395779,0.7928455235093532,0.9549180327868853,0.9020469414345761,0.9323943661971831,0.9313636363636364,0.8823529411764706,0.07657142857142857,0.8158596927458155,351,0.6990028697156485,1.0292204296429646,351,0.881555619582117,-2.5823753355747123,6,1.823230237299564,1.9849495145862632,1.823230237299564
12,0.7939092467259318,0.5674623723098714,0.684442717430644,0.9142480211081794,0.7972580682157193,0.9494535519125683,0.9048185587413652,0.9338028169014084,0.9322727272727273,0.9247058823529412,0.06895238095238095,0.8344260851193539,346,0.7380912423233217,1.0303153171445856,346,0.8723335840135894,-2.5460348024492956,6,2.6078384824315193,2.6870148181340143,2.6078384824315193
13,0.8005942696770325,0.5670409670232486,0.692380223172194,0.8878627968337731,0.8016285006247372,0.9576502732240437,0.9091832115496457,0.9352112676056338,0.9263636363636364,0.9176470588235294,0.07504761904761904,0.8613115443383783,341,0.7528903238985448,1.0301333351822668,341,0.8632080772842006,-2.5675600751403063,6,3.3614830764380823,3.5516792034780793,3.3614830764380823
14,0.8051032888810356,0.5702389915916223,0.7005576315117404,0.8905013192612137,0.8030252593488258,0.9453551912568307,0.9143693209911469,0.928169014084507,0.9209090909090909,0.92,0.07923809523809523,0.8271295974343158,340,0.7570628092269344,1.0304618736176576,340,0.854176476133194,-2.6521400606837906,6,4.030301739617095,4.134891609337046,4.030301739617095
15,0.8075615774741434,0.5757165060794028,0.7052654160594148,0.8891820580474934,0.805193321751139,0.9234972677595629,0.9157648806371465,0.9183098591549296,0.91,0.9058823529411765,0.09066666666666667,0.8453382485025047,335,0.7709929894031907,1.0319085583513583,335,0.8452409808035882,-2.6012673868496776,6,4.414867179976706,4.452855303838335,4.414867179976706
16,0.8110222709661232,0.5752309974981288,0.7110804323604929,0.862796833773087,0.8071759670404796,0.9207650273224044,0.9155674575722249,0.9154929577464789,0.899090909090909,0.88,0.104,0.8327598132024292,330,0.7913346760770236,1.0347260054874197,330,0.8365641038780872,-2.4765088781114772,6,4.788825094842041,4.900473574260916,4.788825094842041
17,0.8174687229075009,0.576449582002276,0.7182584983070547,0.8522427440633246,0.8142550016526509,0.9139344262295082,0.918598165062284,0.9225352112676056,0.8954545454545455,0.8564705882352941,0.11085714285714286,0.8326122499261135,327,0.812854707219244,1.0366497827008805,327,0.8278136296356696,-2.394333525176105,6,5.5704568446701055,5.734280345952495,5.5704568446701055
18,0.8215004241681475,0.5818775198867864,0.7257439768736366,0.8496042216358839,0.8187632699422892,0.8852459016393442,0.9191016980081801,0.9154929577464789,0.8827272727272727,0.8564705882352941,0.12152380952380952,0.8143467416987049,321,0.8348374684649386,1.0369047969417313,321,0.8191845234111392,-2.2792745417494524,6,6.163809916558191,6.255754769889041,6.163809916558191
19,0.822886018441854,0.582174694931874,0.7321181581194101,0.8522427440633246,0.8209652291794765,0.8729508196721312,0.9176066230414712,0.8901408450704226,0.8713636363636363,0.8329411764705882,0.13485714285714287,0.8236169341041656,315,0.8661629986982052,1.0380741037410863,315,0.8106193928046505,-2.0716300434168238,6,6.527542798095595,6.434972407550772,6.527542798095595
20,0.8245688716709278,0.5842274216662909,0.7329172527108566,0.8232189973614775,0.8257884089069106,0.8743169398907104,0.9165918837427963,0.8633802816901408,0.8531818181818182,0.8376470588235294,0.14933333333333335,0.8199801105187825,311,0.8859575544026174,1.038343695530975,311,0.8021418914668498,-1.9294162213153998,6,6.7374418893472345,6.652638564209483,6.7374418893472345
21,0.8275759646222614,0.5866084252378403,0.7372845290354082,0.8153034300791556,0.8275494045651698,0.8702185792349727,0.9177488659938967,0.8718309859154929,0.8518181818181818,0.8447058823529412,0.14933333333333335,0.8179951713569776,310,0.9141334712445993,1.0392063275533818,310,0.7938313887802414,-1.7944235949544838,6,7.078357860775121,7.041586545010226,7.078357860775121
0,0.7231375886875786,0.5207784436273324,0.5846682147780023,0.9880159786950732,0.725063535160182,0.9851951547779273,0.8732627481290007,0.9560906515580736,0.9768181818181818,0.9733333333333334,0.0236,0.7695011097659401,413,0.3280694730707277,1.0114086281690118,413,0.9895367071250001,-2.093366135192392,7,,,
1,0.7254506337625907,0.5231091688810606,0.5888963197860668,0.9866844207723036,0.7264978620117607,0.9838492597577388,0.8731289025956217,0.9631728045325779,0.9781818181818182,0.9933333333333333,0.02,0.9857995643284077,408,0.39061994847385245,1.0118140976829995,408,0.9791828947477884,-2.199258090853822,7,,,
2,0.72913366356387,0.5250752496136787,0.5954206481159597,0.9813581890812251,0.7305620490039484,0.9865410497981157,0.8723047147496739,0.9645892351274787,0.9777272727272728,0.9833333333333333,0.0216,1.026535223815815,401,0.44064699616971914,1.0142666430179827,401,0.968937417341852,-2.3203675620311395,7,,,
3,0.7358860131002318,0.5268390448307175,0.6026852870465831,0.952063914780293,0.7370650294158513,0.9650067294751009,0.8734853781586275,0.9716713881019831,0.9627272727272728,0.97,0.0364,0.9993738143523757,392,0.4665330961781918,1.015791402424926,392,0.9587991413666581,-2.45454633642371,7,,,
4,0.7424014755776497,0.5310666821065768,0.6143431549095887,0.9800266311584553,0.7427598553873644,0.9757738896366084,0.8780307665583853,0.9815864022662889,0.9790909090909091,0.98,0.0208,0.9327982939329288,388,0.5142134923166517,1.0184300461590508,388,0.9487669451422408,-2.5376699609908817,7,,,
5,0.7466262981247161,0.5354297413450811,0.6222112387849412,0.9840213049267643,0.7507883077765821,0.9730820995962315,0.8795614190123013,0.9475920679886686,0.9686363636363636,0.9666666666666667,0.0316,0.9666490657176139,380,0.5502003493787692,1.019881239401659,380,0.9388397187250985,-2.5490321349773346,7,,,
6,0.7546491761565823,0.5380631887425685,0.6278207296596636,0.9707057256990679,0.7586762657887665,0.9811574697173621,0.8857211954163067,0.9674220963172805,0.9731818181818181,0.9666666666666667,0.0276,0.9501275129564569,375,0.5864941671086862,1.0213844156221117,375,0.9290163637853952,-2.6007070610529057,7,,,
7,0.7594406616194206,0.5426681879093892,0.6342390950573844,0.9800266311584553,0.7678281870579309,0.9851951547779273,0.8857382891798742,0.9645892351274787,0.9768181818181818,0.9866666666666667,0.022,0.9596208832784887,373,0.6259688049506663,1.022706624077866,373,0.919295793485441,-2.5920829700673784,7,,,
8,0.7662007125006417,0.5485572752640198,0.6403873517841964,0.9440745672436751,0.7740658268707508,0.9623149394347241,0.8896543550018704,0.9589235127478754,0.955,0.96,0.0444,0.9625014460988215,365,0.6419647865087098,1.023699568214561,365,0.9096769323594475,-2.5810320560027757,7,,,
9,0.7731929485807878,0.5532576247145107,0.6502426241598025,0.9547270306258322,0.7808485471678773,0.9730820995962315,0.8939829848839757,0.9688385269121813,0.9654545454545455,0.9633333333333334,0.0348,0.9154844160046062,362,0.684676105125233,1.023907803842591,362,0.9001587161945394,-2.581749293840276,7,,,
10,0.7809757375838225,0.5676316934863801,0.6643775517895536,0.9094540612516645,0.7875849141722675,0.946164199192463,0.8944255254140934,0.9362606232294618,0.9304545454545454,0.8823529411764706,0.07733333333333334,0.67376840028653,356,0.7438070740851734,1.0282987351101145,356,0.8907400919130117,-2.216863661569402,7,1.0286644153180504,1.0065778558017409,1.0286644153180504
11,0.7881571197814171,0.568537225867027,0.6759557021691122,0.8908122503328895,0.7963996156586,0.9475100942126514,0.8943841616297231,0.9235127478753541,0.9204545454545454,0.8964705882352941,0.08342857142857144,0.806624583224063,346,0.7804385750045587,1.0311371134375584,346,0.8814200174558218,-2.158424698424045,7,1.996939156941103,1.9353734702439247,1.996939156941103
12,0.794554481846328,0.5727430546013661,0.6835397785307469,0.9001331557922769,0.8028792643421427,0.9286675639300135,0.899876426404414,0.9320113314447592,0.92,0.9129411764705883,0.08114285714285714,0.8437295561192859,341,0.8221219953005112,1.0332716673177582,341,0.8721974616672943,-2.0541444058720435,7,2.8671145054680736,2.7627687635731544,2.8671145054680736
13,0.7997428038398232,0.5779714775666229,0.6951201431429643,0.9227696404793608,0.8083175661212263,0.9434724091520862,0.9014134391665198,0.9263456090651558,0.9309090909090909,0.9247058823529412,0.0700952380952381,0.855561236938485,337,0.8662469910819255,1.0347424870033246,337,0.863071404181038,-1.9679186471904229,7,3.750220818643515,3.4337942822381193,3.750220818643515
14,0.8045549870648239,0.5803355152376347,0.7059014208321704,0.914780292942743,0.809679382185362,0.9246298788694481,0.9047960799728166,0.9079320113314447,0.9159090909090909,0.92,0.08342857142857144,0.8352676066282771,331,0.8892759853856291,1.0360052051599138,331,0.8540408353070543,-1.8829909250629244,7,4.487160799946119,4.056172335974062,4.487160799946119
15,0.8093431745902502,0.5791828949971298,0.7110744914339512,0.9014647137150466,0.8137139603666212,0.9448183041722745,0.907426029121629,0.9164305949008499,0.9209090909090909,0.9223529411764706,0.07885714285714286,0.8391218173496658,331,0.924090385558672,1.0368219860913248,331,0.845104755920027,-1.7874877565373593,7,5.02263910958192,4.675446934147149,5.02263910958192
16,0.8126583808450278,0.5821548274953303,0.7177828557688807,0.9134487350199734,0.8182054877263769,0.9165545087483177,0.9087509050080971,0.9036827195467422,0.9113636363636364,0.9105882352941177,0.08876190476190476,0.8379390853097665,326,0.9590725241660446,1.0373900568047463,326,0.8362621773487805,-1.6168731243062946,7,5.607666199624474,5.104215233297158,5.607666199624474
17,0.8156778914798083,0.5823204996020122,0.724406732833985,0.9054593874833555,0.8205010852754868,0.917900403768506,0.9089714941948985,0.8923512747875354,0.9054545454545454,0.9035294117647059,0.09485714285714286,0.8152626487682928,322,0.9854980211948924,1.0386407024246285,322,0.8275121212668949,-1.5280584283754433,7,6.053446266355979,5.4947400874519765,6.053446266355979
18,0.8166259879483424,0.5843504238006837,0.7260720059374454,0.9067909454061251,0.8227090818017211,0.917900403768506,0.9095477839764788,0.876770538243626,0.9009090909090909,0.8847058823529412,0.10171428571428572,0.8352514741995447,317,1.0317036999254148,1.0405488451657772,317,0.818853619584467,-1.2756455549771744,7,6.254557032375197,5.617361028353515,6.254557032375197
19,0.8198425450793005,0.5849494276558538,0.7332646085438562,0.8881491344873502,0.8246408892604423,0.9152086137281292,0.9109539324136904,0.8470254957507082,0.884090909090909,0.8658823529411764,0.11885714285714286,0.8277444698289482,311,1.0801286168268633,1.0444899788739592,311,0.810285714341001,-0.9180505601086323,7,6.758167076944781,6.033370659178809,6.758167076944781
20,0.8244523749054461,0.5860004409646257,0.7398500792446298,0.844207723035952,0.8267909626412872,0.8977119784656796,0.9112490706206986,0.8498583569405099,0.8640909090909091,0.8470588235294118,0.13866666666666666,0.8006446855356273,305,1.1015431886156621,1.0452208385700885,305,0.8018074575994226,-0.7324316162634333,7,7.198545756469262,6.6295775742324174,7.198545756469262
21,0.826280126317674,0.5868084196824053,0.7453118548738829,0.8242343541944075,0.828347765525793,0.8977119784656796,0.9083344102770872,0.8413597733711048,0.8545454545454545,0.8423529411764706,0.14742857142857144,0.816078240123222,302,1.1346303385137348,1.0452140363296596,302,0.793445691295698,-0.505398154600308,7,7.43631309335273,6.865967651972106,7.43631309335273
